ID_EVENT,TypeEvent,StartDate,EndDate,Location,AdminRegion,TypeSource,,PROVINCE,DISTRICT ,LM,WARD
1,Drought,,,,1,1,,EASTERN CAPE ,Joe Gqabi,Elundinin,
2,Drought,,,,,1,,EASTERN CAPE ,Joe Gqabi,Gariep,
3,Drought,,,,,1,,EASTERN CAPE ,Joe Gqabi,Maletswai,
4,Drought,,,,,1,,EASTERN CAPE ,Joe Gqabi,Senqu,
5,Drought,,,,,1,,EASTERN CAPE ,Amathole,,
6,Drought,,,,,1,,EASTERN CAPE ,Alfred Nzo,,
7,Drought,,,,,1,,EASTERN CAPE ,Chris Hani,,
8,Drought,,,,,1,,EASTERN CAPE ,Joe Gqabi,,
9,Drought,,,,,1,,EASTERN CAPE ,OR Tambo,,
10,Drought,,,,,1,,EASTERN CAPE ,Provincial Treasury,,
11,Drought,,,,,1,,EASTERN CAPE ,Dept of Rural Development,,
12,Drought,,,,,1,,EASTERN CAPE ,Dept of Agriculture,,
13,Drought,,,,,1,,EASTERN CAPE ,Dept of Water and Sanitation,,
14,Drought,,,,,1,,EASTERN CAPE ,Chris Hani,,
15,Drought,,,,,1,,EASTERN CAPE ,Joe Gqabi,Elundinin,
16,Drought,,,,,1,,EASTERN CAPE ,Joe Gqabi,Gariep,
17,Drought,,,,,1,,EASTERN CAPE ,Joe Gqabi,Maletswai,
18,Drought,,,,,1,,EASTERN CAPE ,Joe Gqabi,Senqu,
19,Hailstorm,2014-01-24,2014-01-24,,,1,,EASTERN CAPE ,Alfred Nzo,Ntabankulu,"1,2,3,4,5,6,7,8,9,10,11,12,13,14,15,16,17,18"
20,Hailstorm,2014-01-24,2014-01-24,,,1,,EASTERN CAPE ,Alfred Nzo,Mbizana,"3,4,6,7,9,15,17,25,28"
21,Hailstorm,2014-01-24,2014-01-24,,,1,,EASTERN CAPE ,Alfred Nzo,Umzimvubu,"4,5,6,7,8,9,11,12,16,19,20,23,25"
22,Hailstorm,2014-01-24,2014-01-24,,,1,,EASTERN CAPE ,Department of Human Settlements,,
23,Hailstorm,2014-01-24,2014-01-24,,,1,,EASTERN CAPE ,Department of Education,,
24,Hailstorm,2014-01-24,2014-01-24,,,1,,EASTERN CAPE ,Department of Roads and Public Works,,
25,Hailstorm,2014-01-24,2014-01-24,,,1,,EASTERN CAPE ,Department of Health,,
26,Floods & Hailstorm,2013-03-01,2014-03-01,,,1,,EASTERN CAPE ,Alfred Nzo,Mbizana,
27,Floods & Hailstorm,2013-04-18,2013-04-21,,,1,,EASTERN CAPE ,Alfred Nzo,Umzimvubu,
28,Floods & Hailstorm,2013-04-20,2013-04-21,,,1,,EASTERN CAPE ,OR Tambo,Nyandeni,
29,Floods & Hailstorm,2013-10-13,2013-10-13,,,1,,EASTERN CAPE ,OR Tambo,Ingquza Hill,
30,Floods & Hailstorm,2013-04-19,2013-04-23,,,1,,EASTERN CAPE ,OR Tambo,King Sabata Dalindyebo,
31,Floods & Hailstorm,2013-10-13,2013-10-13,,,1,,EASTERN CAPE ,OR Tambo,Port St Johns,
32,Floods & Hailstorm,2013-10-13,2013-10-13,,,1,,EASTERN CAPE ,OR Tambo,Mhlontlo,
33,Floods & Hailstorm,2013-04-13,2013-04-13,,,1,,EASTERN CAPE ,Amathole,Mnquma,
34,Floods & Hailstorm,2013-04-13,2013-04-13,,,1,,EASTERN CAPE ,Amathole,Mbhashe,
35,Drought,,,,,1,,EASTERN CAPE ,Joe Gqabi,,
36,Floods,2012-10-12,2012-10-12,,,1,,EASTERN CAPE ,Cacadu,Koukamma,
37,Floods,2012-10-12,2012-10-12,,,1,,EASTERN CAPE ,Cacadu,Ndlambe,
38,Floods,2012-10-12,2012-10-12,,,1,,EASTERN CAPE ,Cacadu,Kouga,
39,Floods,2012-10-12,2012-10-12,,,1,,EASTERN CAPE ,Cacadu,Makana,
40,Floods,2012-10-12,2012-10-12,,,1,,EASTERN CAPE ,Cacadu,Sunday's River Valley,
41,Floods,2012-10-12,2012-10-12,,,1,,EASTERN CAPE ,Nelson Mandela Bay Metro,,
42,Floods,2012-10-12,2012-10-12,,,1,,EASTERN CAPE ,Provincial Roads Department,,
43,Floods,2010-12-01,2011-01-01,,,1,,EASTERN CAPE ,Alfred Nzo,,
44,Floods,2010-12-01,2011-01-01,,,1,,EASTERN CAPE ,Amathole,,
45,Floods,2010-12-01,2011-01-01,,,1,,EASTERN CAPE ,Chris Hani,,
46,Floods,2010-12-01,2011-01-01,,,1,,EASTERN CAPE ,Joe Gqabi,,
47,Floods,2010-12-01,2011-01-01,,,1,,EASTERN CAPE ,OR Tambo,,
48,Floods,2010-12-01,2011-01-01,,,1,,EASTERN CAPE ,Department of Human Settlements,,
49,Floods,2010-12-01,2011-01-01,,,1,,EASTERN CAPE ,Department of Transport,,
50,Floods,2010-12-01,2011-01-01,,,1,,EASTERN CAPE ,Department of Education,,
51,Floods,2010-12-01,2011-01-01,,,1,,EASTERN CAPE ,Department of Agriculture,,
52,Floods,2010-12-01,2011-01-01,,,1,,EASTERN CAPE ,Department of Health,,
53,Drought,,,,,1,,EASTERN CAPE ,Alfred Nzo,,
54,Drought,,,,,1,,EASTERN CAPE ,Amathole,,
55,Drought,,,,,1,,EASTERN CAPE ,Cacadu,,
56,Drought,,,,,1,,EASTERN CAPE ,Chris Hani,,
57,Drought,,,,,1,,EASTERN CAPE ,Joe Gqabi,,
58,Drought,,,,,1,,EASTERN CAPE ,OR Tambo,,
59,Drought,,,,,1,,EASTERN CAPE ,Nelson Mandela Bay,,
60,Drought,,,,,1,,FREE STATE,Thabo Mofutsanyana District Municipality,Mantsopa,
61,Drought,,,,,1,,FREE STATE,Thabo Mofutsanyana District Municipality,Setsoto,
62,Drought,,,,,1,,FREE STATE,Thabo Mofutsanyana District Municipality,Dihlabeng,
63,Drought,,,,,1,,FREE STATE,Thabo Mofutsanyana District Municipality,Nketoana,
64,Drought,,,,,1,,FREE STATE,Thabo Mofutsanyana District Municipality,Maluti-a-Phofung,
65,Drought,,,,,1,,FREE STATE,Thabo Mofutsanyana District Municipality,Phumelela,
66,Drought,,,,,1,,FREE STATE,Fezile Dabi District Municipality,Moqhaka,
67,Drought,,,,,1,,FREE STATE,Fezile Dabi District Municipality,Ngwathe,
68,Drought,,,,,1,,FREE STATE,Fezile Dabi District Municipality,Metsimaholo,
69,Drought,,,,,1,,FREE STATE,Fezile Dabi District Municipality,Mafube,
70,Drought,,,,,1,,FREE STATE,Xhariep District Municipality,Letsemeng,
71,Drought,,,,,1,,FREE STATE,Xhariep District Municipality,Kopanong,
72,Drought,,,,,1,,FREE STATE,Xhariep District Municipality,Mohokare,
73,Drought,,,,,1,,FREE STATE,Xhariep District Municipality, Naledi,
74,Drought,,,,,1,,FREE STATE,Lejweleputswa District Municipality,Masilonyana,
75,Drought,,,,,1,,FREE STATE,Lejweleputswa District Municipality,Tokologo,
76,Drought,,,,,1,,FREE STATE,Lejweleputswa District Municipality,Tswelopele,
77,Drought,,,,,1,,FREE STATE,Lejweleputswa District Municipality,Matjhabeng,
78,Drought,,,,,1,,FREE STATE,Lejweleputswa District Municipality,Nala,
79,Drought,,,,,1,,FREE STATE,Mangaung Metropolitan ,,
80,Drought,,,,,1,,FREE STATE,Dept of Agriculture,,
81,Drought,,,,,1,,FREE STATE,Dept of Rural Dev,,
82,Drought,,,,,1,,FREE STATE,Dept of Water and Sanitation,,
83,Veld Fires,2014-08-01,2014-09-01,,,1,,FREE STATE,Thabo Mofutsanyane,Dihlabeng ,
84,Veld Fires,2014-08-01,2014-09-01,,,1,,FREE STATE,Thabo Mofutsanyane, Maluti A Phofung,
85,Veld Fires,2014-08-01,2014-09-01,,,1,,FREE STATE,Xhariep ,Mohokare,
86,Veld Fires,2014-08-01,2014-09-01,,,1,,FREE STATE,Provincial Dept of Agriculture and Rural Development,,
87,,,,,,1,,FREE STATE,Blank,,
88,,,,,,1,,FREE STATE,Blank,,
89,,,,,,1,,FREE STATE,Blank,,
90,,,,,,1,,EASTERN CAPE ,Blank,,
91,Floods,2010-12-01,2011-01-01,,,1,,FREE STATE,Thabo Mofutsanyane,,
92,Floods,2010-12-01,2011-01-01,,,1,,FREE STATE,Xhariep ,,
93,Floods,2010-12-01,2011-01-01,,,1,,FREE STATE,Fezile Dabi,,
94,Floods,2010-12-01,2011-01-01,,,1,,FREE STATE,Dept of Agriculture,,
95,Floods,2010-12-01,2011-01-01,,,1,,FREE STATE,Dept of Education,,
96,Floods,2010-12-01,2011-01-01,,,1,,FREE STATE,Dept of Health,,
97,Floods,2010-12-01,2011-01-01,,,1,,FREE STATE,Dept of Human Settlements,,
98,Floods,2010-12-01,2011-01-01,,,1,,FREE STATE,Dept of Transport,,
99,,,,,,1,,GAUTENG,Blank,,
100,Severe Hailstorm,2015-11-16,2015-11-16,,,1,,GAUTENG,EKURHULENI METROPOLITAN,N/A,
101,Severe Hailstorm,2015-11-16,2015-11-16,,,1,,GAUTENG,DEPT OF BASIC EDUCATION,N/A,
102,Severe Hailstorm,2015-11-16,2015-11-16,,,1,,GAUTENG,DEPT OF HUMAN SETTLEMENTS,N/A,
103,,,,,,1,,GAUTENG,Blank,,
104,Hailstorm ,2013-11-28,2013-11-28,,,1,,GAUTENG,CITY OF TSHWANE METROPOLITAN,N/A," SOSHANGUVE BLOCK F, G, H, L, K, P, AND R, MABOPANE BLOCK A, B, C, AND U, GA-RANKUWA ZONE 1, 2, 3, 4, 5, 6, AND 7, MAMELODI AND NELMAPIUS WARD 10, 15, 16, 17, 18, 23, AND 40, REGION 2, SUURMAN, NIEUW, EERSTERUST, MAJANENG AND STINKWATER AND REGION 3, ATTERIDGEVILLE EXTENSION 17"
105,Hailstorm ,2013-11-28,2013-11-28,,,1,,GAUTENG,DEPT OF HUMAN SETTLEMENTS,N/A,
106,Hailstorm ,2013-11-28,2013-11-28,,,1,,GAUTENG,DEPT OF HEALTH,N/A,
107,,,,,,1,,GAUTENG,Blank,,
108,Tornado and Thunder Storm,2011-10-02,2011-10-02,,,1,,GAUTENG,EKURHULENI METROPOLITAN,N/A,Duduza Ext 2 (Masechaba)
109,Flood,2010-12-01,2011-01-01,,,1,,GAUTENG,CITY OF JOHANNESBURG METROPOLITAN,,
110,Flood,2010-12-01,2011-01-01,,,1,,GAUTENG,CITY OF TSHWANE METROPOLITAN,,Ward 17 (Stoffelpark)
111,Flood,2010-12-01,2011-01-01,,,1,,GAUTENG,EKURHULENI METROPOLITAN,,
112,Flood,2010-12-01,2011-01-01,,,1,,GAUTENG,SEDIBENG,EMFULENI,
113,Flood,2010-12-01,2011-01-01,,,1,,GAUTENG,SEDIBENG,MIDVAAL,
114,Flood,2010-12-01,2011-01-01,,,1,,GAUTENG,WEST RAND,,
115,Flood,2010-12-01,2011-01-01,,,1,,GAUTENG,DEPT OF HUMAN SETTLEMENTS,,
116,Flood,2010-12-01,2011-01-01,,,1,,GAUTENG,DEPT OF AGRICULTURE,,
117,Flood,2010-12-01,2011-01-01,,,1,,GAUTENG,DEPT OF TRANSPORT,,
118,Drought,,,,,1,,KZN,Ethekwini Metro,,
119,Drought,,,,,1,,KZN,uMkhanyakude,Jozini,
120,Drought,,,,,1,,KZN,uMkhanyakude,Big 5 False Bay,
121,Drought,,,,,1,,KZN,uMkhanyakude,Hlabisa,
122,Drought,,,,,1,,KZN,uMkhanyakude,Mtubatuba,
123,Drought,,,,,1,,KZN,uMkhanyakude,uMhlabuyalingana,
124,Drought,,,,,1,,KZN,Umzinyathi,Endumeni,
125,Drought,,,,,1,,KZN,Umzinyathi,Umvoti,
126,Drought,,,,,1,,KZN,Umzinyathi,Nquthu,
127,Drought,,,,,1,,KZN,Umzinyathi,Msinga,
128,Drought,,,,,1,,KZN,Zululand,uPhongolo,
129,Drought,,,,,1,,KZN,Zululand,Nongoma,
130,Drought,,,,,1,,KZN,Zululand,Ulundi,
131,Drought,,,,,1,,KZN,Zululand,eDumbe,
132,Drought,,,,,1,,KZN,Zululand,AbaQulusi,
133,Drought,,,,,1,,KZN,Umgungundlovu,Mkhabathini,
134,Drought,,,,,1,,KZN,Umgungundlovu,uMshwathi,
135,Drought,,,,,1,,KZN,Umgungundlovu,Richmond,
136,Drought,,,,,1,,KZN,Umgungundlovu,Mpofana,
137,Drought,,,,,1,,KZN,Amajuba,Newcastle,
138,Drought,,,,,1,,KZN,Amajuba,Dannhauser,
139,Drought,,,,,1,,KZN,Amajuba,eMadlangeni,
140,Drought,,,,,1,,KZN,uThukela,Emnambithi/ Ladysmith,
141,Drought,,,,,1,,KZN,uThukela,Indaka,
142,Drought,,,,,1,,KZN,uThukela,uMtshezi,
143,Drought,,,,,1,,KZN,uThukela,Imbabazane,
144,Drought,,,,,1,,KZN,Ugu,Hibiscus Coast,
145,Drought,,,,,1,,KZN,Ugu,Umdoni,
146,Drought,,,,,1,,KZN,Ugu,Umzumbe,
147,Drought,,,,,1,,KZN,Ugu,Vulamehlo,
148,Drought,,,,,1,,KZN,Ugu,Umuziwabantu,
149,Drought,,,,,1,,KZN,uThungulu,Ntambanana,
150,Drought,,,,,1,,KZN,uThungulu,Umlalazi,
151,Drought,,,,,1,,KZN,uThungulu,Nkandla,
152,Drought,,,,,1,,KZN,uThungulu,uMfolozi,
153,Drought,,,,,1,,KZN,uThungulu,uMhlatuze,
154,Drought,,,,,1,,KZN,iLembe,Maphumulo,
155,Drought,,,,,1,,KZN,iLembe,Ndwedwe,
156,Drought,,,,,1,,KZN,iLembe,KwaDukuza,
157,Drought,,,,,1,,KZN,iLembe,Mandeni,
158,Drought,,,,,1,,KZN,Harry Gwaka,Greater Kokstad,
159,Drought,,,,,1,,KZN,Harry Gwaka,Ubuhlebezwe,
160,Drought,,,,,1,,KZN,Harry Gwaka,KwaSani,
161,Drought,,,,,1,,KZN,Harry Gwaka,Umzimkhulu,
162,Drought,,,,,1,,KZN,Dept of Agriculture,,
163,Drought,,,,,1,,KZN,Dept of Rural Development,,
164,Drought,,,,,1,,KZN,Dept of Water and Sanitation,,
165,Drought,,,,,1,,KZN,DCOG (NDMC),,
166,Drought,,,,,1,,KZN,Kwa-Zulu Natal,,
167,Drought,,,,,1,,KZN,uMkhanyakude,Mtubatuba,
168,Drought,,,,,1,,KZN,uMkhanyakude,Hlabisa,
169,Drought,,,,,1,,KZN,uMkhanyakude,Big Five False Bay,
170,Drought,,,,,1,,KZN,uMkhanyakude,Jozini,
171,Drought,,,,,1,,KZN,uMkhanyakude,uMhlabuyalingana,
172,Drought,,,,,1,,KZN,iLembe,Maphumulo,"1,9"
173,Drought,,,,,1,,KZN,iLembe,Ndwedwe,"9,4"
174,Drought,,,,,1,,KZN,iLembe,KwaDukuza,"11,25,1,3,21"
175,Drought,,,,,1,,KZN,uThukela,Emnambithi,
176,Drought,,,,,1,,KZN,uThukela,Indaka,"7,3,1,6,4,2,9"
177,Drought,,,,,1,,KZN,uThukela,Okhahlamba,
178,Drought,,,,,1,,KZN,uThukela,Umtshezi,
179,Drought,,,,,1,,KZN,uThukela,Imbabazane,"4,2,13,12"
180,Drought,,,,,1,,KZN,Ugu,Umdoni,
181,Drought,,,,,1,,KZN,Ugu,Umzumbe,
182,Drought,,,,,1,,KZN,Ugu,Vulamehlo,
183,Drought,,,,,1,,KZN,Ugu,Umuziwabantu,
184,Drought,,,,,1,,KZN,uThungulu,Umfolozi,
185,Drought,,,,,1,,KZN,uThungulu,Ntambanana,
186,Drought,,,,,1,,KZN,uThungulu,uMlalazi,
187,Drought,,,,,1,,KZN,uThungulu,Nkandla,
188,Drought,,,,,1,,KZN,uMzinyathi,Nquthu,1
189,Drought,,,,,1,,KZN,uMzinyathi,Msinga,"1,3,9,11,"
190,Drought,,,,,1,,KZN,uMzinyathi,Endumeni,
191,Drought,,,,,1,,KZN,uMzinyathi,Umvoti,"4,7"
192,Drought,,,,,1,,KZN,uMgungundlovu,uMshwathi,4
193,Drought,,,,,1,,KZN,uMgungundlovu,Richmond,1
194,Drought,,,,,1,,KZN,uMgungundlovu,Umngeni,
195,Drought,,,,,1,,KZN,uMgungundlovu,Impendle,
196,Drought,,,,,1,,KZN,uMgungundlovu,Mkhabathini,
197,Drought,,,,,1,,KZN,uMgungundlovu,Mpofana,"2,4"
198,Drought,,,,,1,,KZN,Harry Gwala,Greater Kokstad,
199,Drought,,,,,1,,KZN,Harry Gwala,KwaSani,
200,Drought,,,,,1,,KZN,Harry Gwala,Ubuhlebezwe,
201,Veld Fires,2014-06-14,2014-06-15,,,1,,KZN,Harry Gwala,"Provincial Department of Agriculture, Environmental Affairs and Rural Development",
202,Drought,,,,,1,,KZN,Zululand,Ulundi,
203,Drought,,,,,1,,KZN,Zululand,Nongoma,
204,,,,,,1,,KZN,Amajuba ,Newcastle,
205,,,,,,1,,KZN,Amajuba ,Emadlageni,
206,"Flooding, hailstorm and windstorm",,,,,1,,KZN,Ugu,Vulamehlo,
207,"Flooding, hailstorm and windstorm",,,,,1,,KZN,Ugu,Umndoni,
208,"Flooding, hailstorm and windstorm",,,,,1,,KZN,Ugu,Umzumbe,
209,"Flooding, hailstorm and windstorm",,,,,1,,KZN,Ugu,Ugu,
210,"Flooding, hailstorm and windstorm",,,,,1,,KZN,eThekwini Metro,eThekwini,
211,"Flooding, hailstorm and windstorm",,,,,1,,KZN,uThukela,Ladysmith/ Emnambithi,
212,"Flooding, hailstorm and windstorm",,,,,1,,KZN,uThukela,Okhahlamba,
213,"Flooding, hailstorm and windstorm",,,,,1,,KZN,Dept of Human Settlements,,
214,"Flooding, hailstorm and windstorm",,,,,1,,KZN,Dept of Transport,,
215,Heavy thunderstorms and severe flooding,2012-12-09,2012-12-11,,,1,,KZN,eThekwini Metro,eThekwini,
216,Heavy thunderstorms and severe flooding,2012-12-09,2012-12-11,,,1,,KZN,eThekwini Metro,eThekwini,Human Settlement
217,,,,,,1,,KZN,Ugu,Ugu DM,
218,Heavy thunderstorms and severe flooding,2012-12-09,2012-12-11,,,1,,KZN,Ugu,Umdoni,
219,Heavy thunderstorms and severe flooding,2012-12-09,2012-12-11,,,1,,KZN,Ugu,Vulamehlo,"1,2,3,4,5,6,7,8,9,10"
220,Heavy thunderstorms and severe flooding,2012-12-09,2012-12-11,,,1,,KZN,Ugu,Vulamehlo,Dept of Transport
221,Heavy thunderstorms and severe flooding,2012-12-09,2012-12-11,,,1,,KZN,Ugu,Vulamehlo,Dept of Human Settlement
222,Heavy thunderstorms and severe flooding,2012-12-09,2012-12-11,,,1,,KZN,Ugu,Umzumbe,"1, 2, 3, 5, 6, 7, 10, 14, 16, 19"
223,Heavy thunderstorms and severe flooding,2012-12-09,2012-12-11,,,1,,KZN,Ugu,Umzumbe,Human Settlement
224,Heavy thunderstorms and severe flooding,2012-12-09,2012-12-11,,,1,,KZN,UThukela,Emnambithi,
225,Heavy thunderstorms and severe flooding,2012-12-09,2012-12-11,,,1,,KZN,UThukela,Okhahlamba,"4,8,3,2,12,14"
226,Torrential rains,2011-11-01,2012-02-01,,,1,,KZN,eThekwini Metro,eThekwini,
227,Torrential rains,2011-11-01,2012-02-01,,,1,,KZN,Ugu,Umdoni,
228,Torrential rains,2011-11-01,2012-02-01,,,1,,KZN,Ugu,Vulamehlo,7
229,Torrential rains,2011-11-01,2012-02-01,,,1,,KZN,Ugu,Umzumbe,
230,Torrential rains,2011-11-01,2012-02-01,,,1,,KZN,Ugu,Hibiscus,
231,Torrential rains,2011-11-01,2012-02-01,,,1,,KZN,Ugu,Ugu,
232,Torrential rains,2011-11-01,2012-02-01,,,1,,KZN,Umgungundlovu,Impendle,"2,3 and 1"
233,Torrential rains,2011-11-01,2012-02-01,,,1,,KZN,Sisonke (Harry Gwala),Umzimkhulu,7
234,Fire,2011-12-25,2011-12-25,,,1,,KZN,Sisonke (Harry Gwala),Umzimkhulu,20
235,Drowning,2011-12-26,2011-12-26,,,1,,KZN,Sisonke (Harry Gwala),Umzimkhulu,12
236,Torrential rains,2011-11-01,2011-12-01,,,1,,KZN,Uthungulu,Umhlathuze,Several
237,Strong winds,2011-12-24,2011-12-24,,,1,,KZN,Uthungulu,Ntambanana,5
238,Torrential rains,2011-11-01,2012-02-01,,,1,,KZN,Uthungulu,Umlalazi,"10, 12, 13, 14, 15, 16, 17, 18, 19, 20, 24 and 26"
239,Torrential rains,2011-11-01,2012-02-01,,,1,,KZN,Uthungulu,uMhlathuze,
240,Torrential rains,2011-11-01,2012-02-01,,,1,,KZN,uThukela,Emnambithi,"14, 15, 16, 17, 24 and 26"
241,Torrential rains,2012-12-01,2012-12-01,,,1,,KZN,uThukela,Okhahlamba,
242,Torrential rains,2011-11-01,2012-02-01,,,1,,KZN,uThukela,Imbabazane ,
243,Torrential rains,2011-11-01,2012-02-01,,,1,,KZN,Umzinyathi,Umvoti,"4,2,5 and 8"
244,Torrential rains,2011-11-01,2012-02-01,,,1,,KZN,Umzinyathi,Nqutu,11 and others
245,Torrential rains,2011-11-01,2012-02-01,,,1,,KZN,Umzinyathi,Msinga,"5, 14 and 4"
246,Torrential rains,2011-11-01,2012-02-01,,,1,,KZN,Zululand,eDumbe,
247,Torrential rains,2011-11-01,2012-02-01,,,1,,KZN,Zululand,AbaQulusi,
248,Torrential rains,2011-11-01,2012-02-01,,,1,,KZN,Zululand,Ulundi,
249,Torrential rains,2011-11-01,2012-02-01,,,1,,KZN,Zululand,Nongoma,
250,Torrential rains,2011-11-01,2012-02-01,,,1,,KZN,Umkhanyakude,Umhlabuyalingana,11 and 13
251,Torrential rains,2011-11-01,2012-02-01,,,1,,KZN,Umkhanyakude,Jozini,
252,Torrential rains,2011-11-01,2012-02-01,,,1,,KZN,Amajuba,Emadlangeni,
253,Torrential rains,,,,,1,,KZN,Amajuba,Dannhauser,
254,Torrential rains,2011-11-01,2012-02-01,,,1,,KZN,Ilembe,Mandeni,
255,Torrential rains,2011-12-14,2011-12-14,,,1,,KZN,Ilembe,Mandeni,
256,Torrential rains,2011-11-01,2012-02-01,,,1,,KZN,Ilembe,KwaDukuza,
257,Torrential rains,2011-11-01,2012-02-01,,,1,,KZN,Ilembe,Maphumulo,"2, 3 and 4"
258,Torrential rains,2011-11-01,2012-02-01,,,1,,KZN,Ilembe,Ndwedwe,
259,,2011-11-01,2012-02-01,,,1,,KZN,Department of Education,,
260,,2011-11-01,2012-02-01,,,1,,KZN,Department of Health,,
261,,2011-11-01,2012-02-01,,,1,,KZN,Department of Human Settlements,,
262,,2011-11-01,2012-02-01,,,1,,KZN,South African Police Services (SAPS),,
263,,2011-11-01,2012-02-01,,,1,,KZN,Provincial Road,,
264,,2011-11-01,2012-02-01,,,1,,KZN,uMzinyathi,Umvoti,
265,Floods,2010-12-01,2011-01-01,,,1,,KZN,uThukela,Emnambithi,
266,Floods,2010-12-01,2011-01-01,,,1,,KZN,iLembe,Ndwedwe,
267,Floods,2010-12-01,2011-01-01,,,1,,KZN,eThekwini Metro,eThekwini,"92, 95, 76, 77, 30, 56, 82,83 41, 61, 59, 60, 52,58"
268,Floods,2010-12-01,2011-01-01,,,1,,KZN,Harry Gwala (Sisonke),,"11,7,1,2"
269,Floods,2010-12-01,2011-01-01,,,1,,KZN,Amajuba,Newcastle,21
270,,2010-12-01,2011-01-01,,,1,,KZN,Amajuba,Dannhauser,
271,,2010-12-01,2011-01-01,,,1,,KZN,Amajuba,Emadlangeni,
272,Floods,2010-12-01,2011-01-01,,,1,,KZN,Ugu,,
273,Floods,2010-12-01,2011-01-01,,,1,,KZN,uMgungundlovu,,
274,Floods,2010-12-01,2011-01-01,,,1,,KZN,uMzinyathi,,
275,Floods,2010-12-01,2011-01-01,,,1,,KZN,uMkhanyakude,,
276,Floods,2010-12-01,2011-01-01,,,1,,KZN,uThungulu,"1,4,5,6,11,4,14",
277,Floods,2010-10-01,2010-12-01,,,1,,KZN,Zululand,,
278,Floods,2010-12-01,2011-01-01,,,1,,KZN,Department of Education,,
279,,,,,,1,,KZN,Department of Agriculture,,
280,Floods,2010-12-01,2011-01-01,,,1,,KZN,Department of Health,,
281,Floods,2010-12-01,2011-01-01,,,1,,KZN,Department of Human Settlements,,
282,Floods,2010-12-01,2011-01-01,,,1,,KZN,Department of Roads and Transport,,
283,Floods,2010-12-01,2011-01-01,,,1,,KZN,South African Police Services,,
284,Floods,2010-12-01,2011-01-01,,,1,,KZN,uMzinyathi,Umvoti,
285,Drought,,,,,1,,Limpopo,Capricorn,Aganang,
286,Drought,,,,,1,,Limpopo,Capricorn,Polokwane,
287,Drought,,,,,1,,Limpopo,Capricorn,Molemole,
288,Drought,,,,,1,,Limpopo,Capricorn,Blouberg,
289,Drought,,,,,1,,Limpopo,Capricorn,Lepelle-Nkumpi,
290,Drought,,,,,1,,Limpopo,Mopani,Greater Giyane,
291,Drought,,,,,1,,Limpopo,Mopani,Greater Tzaneen,
292,Drought,,,,,1,,Limpopo,Mopani,Greater Letaba,
293,Drought,,,,,1,,Limpopo,Mopani,Ba-Phalaborwa,
294,Drought,,,,,1,,Limpopo,Mopani,Maruleng,
295,Drought,,,,,1,,Limpopo,Sekhukhune,Elias Motsoaledi,
296,Drought,,,,,1,,Limpopo,Sekhukhune,Ephraim Mogale,
297,Drought,,,,,1,,Limpopo,Sekhukhune,Greater Tubatse,
298,Drought,,,,,1,,Limpopo,Sekhukhune,Makhuduthamaga,
299,Drought,,,,,1,,Limpopo,Sekhukhune,Feta-Kgomo,
300,Drought,,,,,1,,Limpopo,Waterberg,Bela-Bela,
301,Drought,,,,,1,,Limpopo,Waterberg,Modimolle,
302,Drought,,,,,1,,Limpopo,Waterberg,Mookgopong,
303,Drought,,,,,1,,Limpopo,Waterberg,Mogalakwena,
304,Drought,,,,,1,,Limpopo,Waterberg,Lephalale,
305,Drought,,,,,1,,Limpopo,Waterberg,Thabazimbi,
306,Drought,,,,,1,,Limpopo,Vhembe,Makhado,
307,Drought,,,,,1,,Limpopo,Vhembe,Mutale,
308,Drought,,,,,1,,Limpopo,Vhembe,Musina,
309,Drought,,,,,1,,Limpopo,Vhembe,Thulamela,
310,Drought,,,,,1,,Limpopo,Dept of Agriculture,,
311,Drought,,,,,1,,Limpopo,Dept of Rural Dev,,
312,Drought,,,,,1,,Limpopo,Dept of Water and Sanitation,,
313,,,,,,1,,Limpopo,Blank,,
314,FLOODS,2013-01-01,2013-01-01,,,1,,Limpopo,MOPANI,MARULENG,
315,FLOODS,2013-01-01,2013-01-01,,,1,,Limpopo,MOPANI,BA-PHALABORWA,
316,FLOODS,2013-01-01,2013-01-01,,,1,,Limpopo,MOPANI,GREATER TZANEEN,
317,FLOODS,2013-01-01,2013-01-01,,,1,,Limpopo,MOPANI,GREATER LETABA,
318,FLOODS,2013-01-01,2013-01-01,,,1,,Limpopo,MOPANI,GREATER GIYANE,
319,FLOODS,2013-01-01,2013-01-01,,,1,,Limpopo,MOPANI,KRUGER NATIONAL PARK,
320,FLOODS,2013-01-01,2013-01-01,,,1,,Limpopo,MOPANI,PROV DEPT OF ROADS AND TRANSPORT,
321,FLOODS,2014-03-01,2014-03-20,,,1,,Limpopo,WATERBERG,LEPHALALE,
322,FLOODS,2014-03-01,2014-03-20,,,1,,Limpopo,WATERBERG,BELA-BELA,
323,FLOODS,2014-03-01,2014-03-20,,,1,,Limpopo,WATERBERG,THABAZIMBI,
324,FLOODS,2014-03-01,2014-03-20,,,1,,Limpopo,WATERBERG,MODIMOLLE,
325,FLOODS,2014-03-01,2014-03-20,,,1,,Limpopo,WATERBERG,MOGALAKWENA,
326,FLOODS,2014-03-01,2014-03-20,,,1,,Limpopo,,MOOKGOPONG,
327,FLOODS,2014-03-01,2014-03-20,,,1,,Limpopo,PROV DEPT OF ROADS AND TRANSPORT,,
328,FLOODS,2014-03-01,2014-03-20,,,1,,Limpopo,PROV DEPT OF HUMAN SETTLEMENTS,,
329,FLOODS,2013-01-15,2013-01-28,,,1,,Limpopo,VHEMBE,THULAMELA,
330,FLOODS,2013-01-15,2013-01-28,,,1,,Limpopo,VHEMBE,MUSINA,
331,FLOODS,2013-01-15,2013-01-28,,,1,,Limpopo,VHEMBE,MAKHADO,
332,FLOODS,2013-01-15,2013-01-28,,,1,,Limpopo,VHEMBE,MUTALE,
333,FLOODS,2013-01-15,2013-01-28,,,1,,Limpopo,VHEMBE,VHEMBE DISTRICT,
334,FLOODS,2012-01-16,2012-01-16,,,1,,Limpopo,MOPANI,MARULENG,
335,FLOODS,2012-01-16,2012-01-16,,,1,,Limpopo,MOPANI,BA-PHALABORWA,
336,FLOODS,2012-01-16,2012-01-16,,,1,,Limpopo,MOPANI,GIYANE,
337,FLOODS,2012-01-16,2012-01-16,,,1,,Limpopo,MOPANI,GREATER TZANEEN,
338,FLOODS,2012-01-16,2012-01-16,,,1,,Limpopo,MOPANI,DEPT OF ROADS AND TRANSPORT,
339,FLOODS,2012-01-16,2012-01-16,,,1,,Limpopo,MOPANI,MOPANI DISTRICT MUNICIPALITY,
340,FLOODS,2012-01-16,2012-01-16,,,1,,Limpopo,MOPANI,DEPT OF AGRICULTURE,
341,FLOODS,2012-01-16,2012-01-16,,,1,,Limpopo,MOPANI,DEPT OF EDUCATION,
342,FLOODS,2012-01-16,2012-01-16,,,1,,Limpopo,MOPANI,DEPT OF HUMAN SETTLEMENTS,
343,FLOODS,2012-01-16,2012-01-16,,,1,,Limpopo,MOPANI,LIMPOPO KRUGER NATIONAL PARK,
344,FLOODS,2010-12-01,2011-01-01,,,1,,Limpopo,MOPANI,,
345,FLOODS,2010-12-01,2011-01-01,,,1,,Limpopo,SEKHUKHUNE,,
346,FLOODS,2010-12-01,2011-01-01,,,1,,Limpopo,WATERBERG,,
347,FLOODS,2010-12-01,2011-01-01,,,1,,Limpopo,VHEMBE,,
348,FLOODS,2010-12-01,2011-01-01,,,1,,Limpopo,DEPT OF AGRICULTURE,,
349,FLOODS,2010-12-01,2011-01-01,,,1,,Limpopo,DEPT OF EDUCATION,,
350,FLOODS,2010-12-01,2011-01-01,,,1,,Limpopo,DEPT OF HUMAN SETTLEMENTS,,
351,FLOODS,2010-12-01,2011-01-01,,,1,,Limpopo,DEPT OF TRANSPORT,,
352,Drought,,,,,1,,Mpumalanga,Gert Sibande,Chief Albert Luthuli,
353,Drought,,,,,1,,Mpumalanga,Gert Sibande,Msukaligwa,
354,Drought,,,,,1,,Mpumalanga,Gert Sibande,Mkhondo,
355,Drought,,,,,1,,Mpumalanga,Gert Sibande,Dr Pixley Ka Isaka Seme,
356,Drought,,,,,1,,Mpumalanga,Gert Sibande,Govan Mbeki,
357,Drought,,,,,1,,Mpumalanga,Gert Sibande,Dipaleseng,
358,Drought,,,,,1,,Mpumalanga,Gert Sibande,Lekwa,
359,Drought,,,,,1,,Mpumalanga,Nkangala,Dr JS Moroka,
360,Drought,,,,,1,,Mpumalanga,Nkangala,Thembisile Hani,
361,Drought,,,,,1,,Mpumalanga,Nkangala,Emakhazeni,
362,Drought,,,,,1,,Mpumalanga,Ehlanzeni,Thaba Chweu,
363,Drought,,,,,1,,Mpumalanga,Ehlanzeni,Nkomazi,
364,Drought,,,,,1,,Mpumalanga,Ehlanzeni,Bushbuckridge,
365,Drought,,,,,1,,Mpumalanga,Ehlanzeni,Umjindi,
366,Drought,,,,,1,,Mpumalanga,Dept of Agriculture,,
367,Drought,,,,,1,,Mpumalanga,Dept of Rural Dev,,
368,Drought,,,,,1,,Mpumalanga,Dept of Water and Sanitation,,
369,Heavy Rain/ Severe Storms,2014-03-01,2014-03-17,,,1,,Mpumalanga,Enhlanzeni,Mbombela,
370,Heavy Rain/ Severe Storms,2014-03-01,2014-03-17,,,1,,Mpumalanga,Enhlanzeni,Umjindi,
371,Heavy Rain/ Severe Storms,2014-03-01,2014-03-17,,,1,,Mpumalanga,Enhlanzeni,Bushbuckridge,
372,Heavy Rain/ Severe Storms,2014-03-01,2014-03-17,,,1,,Mpumalanga,Enhlanzeni,Nkomazi,
373,Heavy Rain/ Severe Storms,2014-03-01,2014-03-17,,,1,,Mpumalanga,Enhlanzeni,Nkomazi,
374,Heavy Rain/ Severe Storms,2014-03-01,2014-03-17,,,1,,Mpumalanga,Enhlanzeni,Chief Albert Luthuli,
375,Heavy Rain/ Severe Storms,2014-03-01,2014-03-17,,,1,,Mpumalanga,Gert Sibande,Msukaligwa,
376,Heavy Rain/ Severe Storms,2014-03-01,2014-03-17,,,1,,Mpumalanga,Gert Sibande,Mkhondo,
377,Heavy Rain/ Severe Storms,2014-03-01,2014-03-17,,,1,,Mpumalanga,Gert Sibande,Govan Mbeki,
378,Heavy Rain/ Severe Storms,2014-03-01,2014-03-17,,,1,,Mpumalanga,Gert Sibande,Lekwa,
379,Heavy Rain/ Severe Storms,2014-03-01,2014-03-17,,,1,,Mpumalanga,Gert Sibande,Emakhazeni ,
380,Heavy Rain/ Severe Storms,2014-03-01,2014-03-17,,,1,,Mpumalanga,Gert Sibande,Emalahleni,
381,Heavy Rain/ Severe Storms,2014-03-01,2014-03-17,,,1,,Mpumalanga,Gert Sibande,Thembisile Hani,
382,Heavy Rain/ Severe Storms,2014-03-01,2014-03-17,,,1,,Mpumalanga,Gert Sibande,Victor Khanyi,
383,Heavy Rain/ Severe Storms,2014-03-01,2014-03-17,,,1,,Mpumalanga,Gert Sibande,Dr J.S Moroka,
384,Floods,2012-01-16,2012-01-19,,,1,,Mpumalanga,EHLANZENI,Mbombela,
385,Floods,2012-01-16,2012-01-19,,,1,,Mpumalanga,EHLANZENI,Umjindi,
386,Floods,2012-01-16,2012-01-19,,,1,,Mpumalanga,EHLANZENI,Bushbuckridge,
387,Floods,2012-01-16,2012-01-19,,,1,,Mpumalanga,EHLANZENI,Nkomazi,
388,Floods,2012-01-16,2012-01-19,,,1,,Mpumalanga,EHLANZENI,Thaba Chweu,
389,Floods,2012-01-16,2012-01-19,,,1,,Mpumalanga,,Department of Human Settlements,
390,Floods,2012-01-16,2012-01-19,,,1,,Mpumalanga,,Department of Education,
391,Floods,2012-01-16,2012-01-19,,,1,,Mpumalanga,,Department of Health,
392,Floods,2012-01-16,2012-01-19,,,1,,Mpumalanga,,Department of Agriculture,
393,Floods,2012-01-16,2012-01-19,,,1,,Mpumalanga,,Dept of Environmental Affairs (Kruger National Park),
394,Floods,2010-12-01,2011-03-15,,,1,,Mpumalanga,Ehlazeni,Bushbuckridge,Songeni
395,Floods,2010-12-01,2011-03-15,,,1,,Mpumalanga,Ehlazeni,Mbombela,"Nsikazi, Nkululeko"
396,Floods,2010-12-01,2011-03-15,,,1,,Mpumalanga,Ehlazeni,Nkomazi,Malelane
397,Floods,2010-12-01,2011-03-15,,,1,,Mpumalanga,Nkangala,Thembisile Hani,"Tweefontein, Wettervrede"
398,Floods,2010-12-01,2011-03-15,,,1,,Mpumalanga,Nkangala,Dr J.S Moroka ,"Siyabuswa, Marapyane"
399,Floods,2010-12-01,2011-03-15,,,1,,Mpumalanga,Bohlabela,Bushbuckridge,"Casteel, Ximhungwe, Lehukwe, Mkhuhlu, Angin Court"
400,Floods,2010-12-01,2011-03-15,,,1,,Mpumalanga,Gert Sibande,,Mkhondo
401,Floods,2010-12-01,2011-03-15,,,1,,Mpumalanga,Department of Education,,
402,Floods,2010-12-01,2011-03-15,,,1,,Mpumalanga,Department of Human Settlements,,
403,Drought,,,,,1,,Northern Cape,Frances Baard,,
404,Drought,,,,,1,,Northern Cape,John Taolo Gaetsewe,,
405,Drought,,,,,1,,Northern Cape,Pixley Ka Seme,,
406,Drought,,,,,1,,Northern Cape,Namakwa,,
407,Drought,,,,,1,,Northern Cape,ZF Mcgawu,,
408,Drought,,,,,1,,Northern Cape,Dept of Agriculture,,
409,Drought,,,,,1,,Northern Cape,Dept of Rural Dev,,
410,Drought,,,,,1,,Northern Cape,Dept of Water and Sanitation,,
411,Drought,,,,,1,,Northern Cape,"Provincial Department of Agriculture, Land Reform and Rural Development",,
412,Drought,,,,,1,,Northern Cape,John Taolo Gaetsewe,,
413,Drought,,,,,1,,Northern Cape,Frances Baard,,
414,Drought,,,,,1,,Northern Cape,Namakwa,,
415,Floods,2010-12-01,2011-01-01,,,1,,Northern Cape,Frances Baard ,"Dikgatlong, Magareng , Phokwane, Sol Plaatjie",
416,Floods,2010-12-01,2011-01-01,,,1,,Northern Cape,Namakwa,Karoo,
417,Floods,2010-12-01,2011-01-01,,,1,,Northern Cape,Pixley ka Seme,"Renosterberg, Siyacuma, Umsobomvu, Ubuntu, Emthanjeni, Thembelihle, Kareeberg, Siyathemba",
418,Floods,2010-12-01,2011-01-01,,,1,,Northern Cape,Siyanda,"Kai Garib, Khara Hais, Tsantsabane, Kheis, Mier",
419,Floods,2010-12-01,2011-01-01,,,1,,Northern Cape,Northern Cape Department of Transport ,,
420,Floods,2010-12-01,2011-01-01,,,1,,Northern Cape,Northern Cape Department of Human Settlements,,
421,Floods,2010-12-01,2011-01-01,,,1,,Northern Cape,Northern Cape Department of Agriculture,,
422,Drought,,,,,1,,North West,Ngaka Modiri Molema,Mahikeng,
423,Drought,,,,,1,,North West,Ngaka Modiri Molema,Ratlou,
424,Drought,,,,,1,,North West,Ngaka Modiri Molema,Tswaing,
425,Drought,,,,,1,,North West,Ngaka Modiri Molema,Ramotshere Moiloa,
426,Drought,,,,,1,,North West,Ngaka Modiri Molema,Ditsobotla,
427,Drought,,,,,1,,North West,Bojanala ,Moretele,
428,Drought,,,,,1,,North West,Bojanala ,Madibeng,
429,Drought,,,,,1,,North West,Bojanala ,Kgetleng,
430,Drought,,,,,1,,North West,Bojanala ,Moses Kotane,
431,Drought,,,,,1,,North West,Bojanala ,Rustenburg,
432,Drought,,,,,1,,North West,Dr Kenneth Kaunda,Ventersdorp,
433,Drought,,,,,1,,North West,Dr Kenneth Kaunda,Maquassihills,
434,Drought,,,,,1,,North West,Dr Kenneth Kaunda,Tlokwe,
435,Drought,,,,,1,,North West,Dr Kenneth Kaunda,Matlosana,
436,Drought,,,,,1,,North West,Dr Ruth Segomotsi Mompati,Greater Taung,
437,Drought,,,,,1,,North West,Dr Ruth Segomotsi Mompati,Mamusa,
438,Drought,,,,,1,,North West,Dr Ruth Segomotsi Mompati,Naledi,
439,Drought,,,,,1,,North West,Dr Ruth Segomotsi Mompati,Kagisano-Molopo,
440,Drought,,,,,1,,North West,Dr Ruth Segomotsi Mompati,Leekwa-Teemane,
441,Drought,,,,,1,,North West,Dept of Agriculture,,
442,Drought,,,,,1,,North West,Dept of Rural Dev,,
443,Drought,,,,,1,,North West,Dept of Water and Sanitation,,
444,Earthquake,2014-08-05,2014-08-05,,,1,,North West,Dr Kenneth Kaunda,Matlosana LM,
445,Earthquake,2014-08-05,2014-08-05,,,1,,North West,Dr Kenneth Kaunda,Matlosana LM,
446,Drought,,,,,1,,North West,Ngaka Modiri Molema,Mahikeng,
447,Drought,,,,,1,,North West,Ngaka Modiri Molema,Ditsobotla,
448,Drought,,,,,1,,North West,Ngaka Modiri Molema,Ratlou,
449,Drought,,,,,1,,North West,Ngaka Modiri Molema,Ramotshere Moiloa,
450,Drought,,,,,1,,North West,Ngaka Modiri Molema,Tswaing,
451,Drought,,,,,1,,North West,Bojanala Platnum,Moretele,
452,Drought,,,,,1,,North West,Bojanala Platnum,Mogwase,
453,Drought,,,,,1,,North West,Bojanala Platnum,Madibeng,
454,Drought,,,,,1,,North West,Bojanala Platnum,Kgetleng-revier,
455,Drought,,,,,1,,North West,Bojanala Platnum,Rustenburg,
456,Drought,,,,,1,,North West,Dr Ruth Segomotsi Mompati,Greater Taung,
457,Drought,,,,,1,,North West,Dr Ruth Segomotsi Mompati,Naledi,
458,Drought,,,,,1,,North West,Dr Ruth Segomotsi Mompati,Mamusa,
459,Drought,,,,,1,,North West,Dr Ruth Segomotsi Mompati,Leekwa-Teemane,
460,Drought,,,,,1,,North West,Dr Ruth Segomotsi Mompati,Kagisano-Molopo,
461,Drought,,,,,1,,North West,Dr Kenneth Kaunda,Ventersdorp,
462,Drought,,,,,1,,North West,Dr Kenneth Kaunda,Maquassihills,
463,Drought,,,,,1,,North West,Dr Kenneth Kaunda,Tlokwe,
464,Floods,2010-12-01,2011-03-15,,,1,,North West,Bojanala Platinum,Madibeng,
465,Floods,2010-12-01,2011-03-15,,,1,,North West,Bojanala Platinum,Moretele,
466,Floods,2010-12-01,2011-03-15,,,1,,North West,Bojanala Platinum,Moses Kotane,
467,Floods,2010-12-01,2011-03-15,,,1,,North West,Bojanala Platinum,Rustenburg,
468,Floods,2010-12-01,2011-03-15,,,1,,North West,Ngaka Modiri Molema,Ditsobotla,
469,Floods,2010-12-01,2011-03-15,,,1,,North West,Ngaka Modiri Molema,Mahikeng,
470,Floods,2010-12-01,2011-03-15,,,1,,North West,Ngaka Modiri Molema,Ramotshere Moiloa,
471,Floods,2010-12-01,2011-03-15,,,1,,North West,Ngaka Modiri Molema,Ratlou,
472,Floods,2010-12-01,2011-03-15,,,1,,North West,Ngaka Modiri Molema,Tswaing,
473,Floods,2010-12-01,2011-03-15,,,1,,North West,Dr Ruth Segomotsi Mompati,Greater Taung,
474,Floods,2010-12-01,2011-03-15,,,1,,North West,Dr Ruth Segomotsi Mompati,Lekwa-Teemane,
475,Floods,2010-12-01,2011-03-15,,,1,,North West,Dr Ruth Segomotsi Mompati,Naledi,
476,Floods,2010-12-01,2011-03-15,,,1,,North West,Dr Kenneth Kaunda ,Tlokwe,
477,Floods,2010-12-01,2011-03-15,,,1,,North West,Dr Kenneth Kaunda ,Potchefstroom,
478,Floods,2010-12-01,2011-03-15,,,1,,North West,Dr Kenneth Kaunda ,City of Matlosana,
479,Floods,2010-12-01,2011-03-15,,,1,,North West,Department of Housing,,
480,Floods,2010-12-01,2011-03-15,,,1,,North West,Department of Transport,,
481,Floods,2010-12-01,2011-03-15,,,1,,North West,Department of Education,,
482,Floods,2010-12-01,2011-03-15,,,1,,North West,Department of Agriculture,,
483,Floods ,2014-01-18,2014-01-18,,,1,,Western Cape,Eden ,Hessequa ,
484,Floods ,2013-11-15,2013-11-17,,,1,,Western Cape,Eden ,Hessequa,
485,Floods ,2014-01-18,2014-01-18,,,1,,Western Cape,Eden ,Mossel Bay,
486,Floods ,2014-01-18,2014-01-18,,,1,,Western Cape,Eden ,District,
487,Floods ,2014-01-18,2014-01-18,,,1,,Western Cape,Eden ,Kannaland,
488,Floods ,2013-11-15,2013-11-17,,,1,,Western Cape,Overberg,Overstrand,
489,Floods ,2013-11-15,2013-11-17,,,1,,Western Cape,Overberg,Swellendam,
490,Floods ,2013-11-15,2013-11-17,,,1,,Western Cape,Overberg,Overberg,
491,Floods ,2013-11-15,2013-11-17,,,1,,Western Cape,Overberg,Theewaterskloof,
492,Floods ,2013-11-15,2013-11-17,,,1,,Western Cape,Overberg,Cape Agulhas,
493,Floods ,2014-01-18,2014-01-18,,,1,,Western Cape,Central Karoo ,Laingsburg,
494,Floods ,2014-01-18,2014-01-18,,,1,,Western Cape,Central Karoo ,Prince Albert ,
495,Floods ,2013-11-15,2013-11-17,,,1,,Western Cape,Cape Winelands,Breede Valley,
496,,2014-01-18,2014-01-18,,,1,,Western Cape,Cape Winelands,Langeberg ,
497,Floods ,2013-11-15,2013-11-17,,,1,,Western Cape,City of Cape Town,City of Cape Town,
498,Floods ,2013-11-15,2013-11-17,,,1,,Western Cape,City of Cape Town, Somerset-West  ,
499,Floods,2013-11-15,2013-11-17,,,1,,Western Cape,Western Cape Provincial Treasury on behalf of Prov Dept of Transport and Public Works (Roads),,
500,Floods,2014-01-18,2014-01-18,,,1,,Western Cape,Dept of Environmental Affairs,,
501,Floods,2013-11-15,2013-11-17,,,1,,Western Cape,Dept of Transport and Public Works,,
502,Floods,2014-01-01,2014-01-01,,,1,,Western Cape,Dept of Transport and Public Works,,
503,Floods,2013-11-15,2013-11-17,,,1,,Western Cape,Dept of Agriculture,,
504,Floods,2013-11-15,2013-11-17,,,1,,Western Cape,Dept of Education,,
505,Floods,2013-11-15,2013-11-17,,,1,,Western Cape,Dept of Human Settlements,,
506,Heavy rains and flooding,2012-07-13,2012-07-14,,,1,,Western Cape,Cape Wineland ,Breede,
507,Heavy rains and flooding,2012-07-13,2012-07-14,,,1,,Western Cape,Cape Wineland ,Langeberg,
508,Heavy rains and flooding,2012-07-13,2012-07-14,,,1,,Western Cape,Eden,Hessequa,
509,Heavy rains and flooding,2012-07-13,2012-07-14,,,1,,Western Cape,Eden,Bitou,
510,Heavy rains and flooding,2012-07-13,2012-07-14,,,1,,Western Cape,Eden,Oudtshoorn,
511,Heavy rains and flooding,2012-07-13,2012-07-14,,,1,,Western Cape,Eden,Mosselbay,
512,Heavy rains and flooding,2012-07-13,2012-07-14,,,1,,Western Cape,Eden,Kannaland,
513,Heavy rains and flooding,2012-07-13,2012-07-14,,,1,,Western Cape,Overberg,,
514,Floods ,2011-06-07,2011-06-09,,,1,,Western Cape,Eden ,Hessequa,
515,Floods ,2011-06-07,2011-06-09,,,1,,Western Cape,Eden ,Mossel Bay,
516,Floods ,2011-06-07,2011-06-09,,,1,,Western Cape,Eden ,Bitou ,
517,Floods ,2011-06-07,2011-06-09,,,1,,Western Cape,Eden ,George,
518,Floods ,2011-06-07,2011-06-09,,,1,,Western Cape,Eden ,Knysna,
519,Floods,2012-01-16,2012-01-19,,,1,,Mpumalanga,,Roads,